Workbook

Sheet Data
A1: Year | B1: Industry | C1: State | D1: Establishments | E1: Employees | F1: Avg Annual Wage
A2: 2020 | B2: Natural Resources | C2: Alabama | D2: 1829 | E2: 18051 | F2: 58872
A3: 2020 | B3: Natural Resources | C3: Arizona | D3: 1354 | E3: 35607 | F3: 55216
A4: 2020 | B4: Natural Resources | C4: Arkansas | D4: 2565 | E4: 15961 | F4: 49909
A5: 2020 | B5: Natural Resources | C5: California | D5: 17651 | E5: 425665 | F5: 42534
A6: 2020 | B6: Natural Resources | C6: Colorado | D6: 3312 | E6: 41633 | F6: 91879
A7: 2020 | B7: Natural Resources | C7: Connecticut | D7: 467 | E7: 5260 | F7: 43142
A8: 2020 | B8: Natural Resources | C8: Delaware | D8: 186 | E8: 1317 | F8: 43290
A9: 2020 | B9: Natural Resources | C9: Florida | D9: 5394 | E9: 71107 | F9: 37717
A10: 2020 | B10: Natural Resources | C10: Georgia | D10: 2794 | E10: 29309 | F10: 45978
A11: 2020 | B11: Natural Resources | C11: Idaho | D11: 2531 | E11: 27020 | F11: 42820
A12: 2020 | B12: Natural Resources | C12: Illinois | D12: 2818 | E12: 24933 | F12: 52259
A13: 2020 | B13: Natural Resources | C13: Indiana | D13: 2302 | E13: 20872 | F13: 50732
... A1919: 2017 | B1919: Other Services | C1919: Wyoming | D1919: 1656 | E1919: 7231 | F1919: 35035

Sheet Data Prep
A1: INDUSTRY FILTER | D1: Average Wage by Industry | H1: Employees by Industry | O1: Wage and Employee by Year | U1: Comparison across States
A2: Industry | B2: Selection | D2: Industry | E2: Average Wage | F2: Selection | H2: Industry | I2: Employee | O2: Year | P2: Average Wage | Q2: Employee | U2: State | V2: Employee | W2: Population | X2: Employees per 1000 Capita | Y2: Average by state | Z2: =B18 -> Average by state
A3: Business Services | B3: =Dashboard!A6 -> Finance | D3: Leisure & Hospitality | E3: =AVERAGEIFS(Data!F2:F1919,Data!A2:A1919,$B$15,Data!B2:B1919,D3) -> 23286.417 | F3: =IF($B$3=D3,E3,0) -> 0 | H3: Business Services | I3: =SUMIFS(Data!E2:E1919,Data!A2:A1919,$B$15,Data!B2:B1919,H3) -> 20065896 | O3: 2017 | P3: =AVERAGEIFS(Data!F2:F1919,Data!A2:A1919,'Data Prep'!O3,Data!B2:B1919,'Data Prep'!$B$3) -> 77330.083 | Q3: =SUMIFS(Data!E2:E1919,Data!A2:A1919,'Data Prep'!O3,Data!B2:B1919,'Data Prep'!$B$3) -> 8021586 | U3: Alabama | V3: =SUMIFS(Data!E2:E1919,Data!A2:A1919,'Data Prep'!$B$15,Data!B2:B1919,'Data Prep'!$B$3,Data!C2:C1919,'Data Prep'!U3) -> 94715 | W3: 4887871 | X3: =V3/W3*1000 -> 19.377557 | Y3: =AVERAGEIFS(Data!F2:F1919,Data!A2:A1919,'Data Prep'!$B$15,Data!B2:B1919,'Data Prep'!$B$3,Data!C2:C1919,'Data Prep'!U3) -> 75982 | Z3: =IF($Z$2=$Y$2,Y3,-X3) -> 75982
A4: Construction | D4: Other Services | E4: =AVERAGEIFS(Data!F3:F1920,Data!A3:A1920,$B$15,Data!B3:B1920,D4) -> 40790.188 | F4: =IF($B$3=D4,E4,0) -> 0 | H4: Construction | I4: =SUMIFS(Data!E3:E1920,Data!A3:A1920,$B$15,Data!B3:B1920,H4) -> 7136444 | O4: 2018 | P4: =AVERAGEIFS(Data!F3:F1920,Data!A3:A1920,'Data Prep'!O4,Data!B3:B1920,'Data Prep'!$B$3) -> 80167.854 | Q4: =SUMIFS(Data!E3:E1920,Data!A3:A1920,'Data Prep'!O4,Data!B3:B1920,'Data Prep'!$B$3) -> 8120224 | U4: Arizona | V4: =SUMIFS(Data!E3:E1920,Data!A3:A1920,'Data Prep'!$B$15,Data!B3:B1920,'Data Prep'!$B$3,Data!C3:C1920,'Data Prep'!U4) -> 225922 | W4: 7171646 | X4: =V4/W4*1000 -> 31.502113 | Y4: =AVERAGEIFS(Data!F3:F1920,Data!A3:A1920,'Data Prep'!$B$15,Data!B3:B1920,'Data Prep'!$B$3,Data!C3:C1920,'Data Prep'!U4) -> 82956 | Z4: =IF($Z$2=$Y$2,Y4,-X4) -> 82956
A5: Education & Health | D5: Trade & Transportation | E5: =AVERAGEIFS(Data!F4:F1921,Data!A4:A1921,$B$15,Data!B4:B1921,D5) -> 49366.812 | F5: =IF($B$3=D5,E5,0) -> 0 | H5: Education & Health | I5: =SUMIFS(Data!E4:E1921,Data!A4:A1921,$B$15,Data!B4:B1921,H5) -> 22035033 | O5: 2019 | P5: =AVERAGEIFS(Data!F4:F1921,Data!A4:A1921,'Data Prep'!O5,Data!B4:B1921,'Data Prep'!$B$3) -> 82837.375 | Q5: =SUMIFS(Data!E4:E1921,Data!A4:A1921,'Data Prep'!O5,Data!B4:B1921,'Data Prep'!$B$3) -> 8251469 | U5: Arkansas | V5: =SUMIFS(Data!E4:E1921,Data!A4:A1921,'Data Prep'!$B$15,Data!B4:B1921,'Data Prep'!$B$3,Data!C4:C1921,'Data Prep'!U5) -> 51950 | W5: 3013825 | X5: =V5/W5*1000 -> 17.237232 | Y5: =AVERAGEIFS(Data!F4:F1921,Data!A4:A1921,'Data Prep'!$B$15,Data!B4:B1921,'Data Prep'!$B$3,Data!C4:C1921,'Data Prep'!U5) -> 65321 | Z5: =IF($Z$2=$Y$2,Y5,-X5) -> 65321
A6: Finance | D6: Education & Health | E6: =AVERAGEIFS(Data!F5:F1922,Data!A5:A1922,$B$15,Data!B5:B1922,D6) -> 53607.208 | F6: =IF($B$3=D6,E6,0) -> 0 | H6: Finance | I6: =SUMIFS(Data!E5:E1922,Data!A5:A1922,$B$15,Data!B5:B1922,H6) -> 8142043 | O6: 2020 | P6: =AVERAGEIFS(Data!F5:F1922,Data!A5:A1922,'Data Prep'!O6,Data!B5:B1922,'Data Prep'!$B$3) -> 90040.667 | Q6: =SUMIFS(Data!E5:E1922,Data!A5:A1922,'Data Prep'!O6,Data!B5:B1922,'Data Prep'!$B$3) -> 8142043 | U6: California | V6: =SUMIFS(Data!E5:E1922,Data!A5:A1922,'Data Prep'!$B$15,Data!B5:B1922,'Data Prep'!$B$3,Data!C5:C1922,'Data Prep'!U6) -> 817007 | W6: 39557045 | X6: =V6/W6*1000 -> 20.653894 | Y6: =AVERAGEIFS(Data!F5:F1922,Data!A5:A1922,'Data Prep'!$B$15,Data!B5:B1922,'Data Prep'!$B$3,Data!C5:C1922,'Data Prep'!U6) -> 124107 | Z6: =IF($Z$2=$Y$2,Y6,-X6) -> 124107
A7: Information | D7: Natural Resources | E7: =AVERAGEIFS(Data!F6:F1923,Data!A6:A1923,$B$15,Data!B6:B1923,D7) -> 55967.136 | F7: =IF($B$3=D7,E7,0) -> 0 | H7: Information | I7: =SUMIFS(Data!E6:E1923,Data!A6:A1923,$B$15,Data!B6:B1923,H7) -> 2677815 | U7: Colorado | V7: =SUMIFS(Data!E6:E1923,Data!A6:A1923,'Data Prep'!$B$15,Data!B6:B1923,'Data Prep'!$B$3,Data!C6:C1923,'Data Prep'!U7) -> 165271 | W7: 5695564 | X7: =V7/W7*1000 -> 29.017495 | Y7: =AVERAGEIFS(Data!F6:F1923,Data!A6:A1923,'Data Prep'!$B$15,Data!B6:B1923,'Data Prep'!$B$3,Data!C6:C1923,'Data Prep'!U7) -> 97276 | Z7: =IF($Z$2=$Y$2,Y7,-X7) -> 97276
A8: Leisure & Hospitality | D8: Construction | E8: =AVERAGEIFS(Data!F7:F1924,Data!A7:A1924,$B$15,Data!B7:B1924,D8) -> 63896.896 | F8: =IF($B$3=D8,E8,0) -> 0 | H8: Leisure & Hospitality | I8: =SUMIFS(Data!E7:E1924,Data!A7:A1924,$B$15,Data!B7:B1924,H8) -> 12649500 | U8: Connecticut | V8: =SUMIFS(Data!E7:E1924,Data!A7:A1924,'Data Prep'!$B$15,Data!B7:B1924,'Data Prep'!$B$3,Data!C7:C1924,'Data Prep'!U8) -> 118168 | W8: 3572665 | X8: =V8/W8*1000 -> 33.075589 | Y8: =AVERAGEIFS(Data!F7:F1924,Data!A7:A1924,'Data Prep'!$B$15,Data!B7:B1924,'Data Prep'!$B$3,Data!C7:C1924,'Data Prep'!U8) -> 165086 | Z8: =IF($Z$2=$Y$2,Y8,-X8) -> 165086
A9: Manufacturing | D9: Manufacturing | E9: =AVERAGEIFS(Data!F8:F1925,Data!A8:A1925,$B$15,Data!B8:B1925,D9) -> 68427.875 | F9: =IF($B$3=D9,E9,0) -> 0 | H9: Manufacturing | I9: =SUMIFS(Data!E8:E1925,Data!A8:A1925,$B$15,Data!B8:B1925,H9) -> 12058694 | U9: Delaware | V9: =SUMIFS(Data!E8:E1925,Data!A8:A1925,'Data Prep'!$B$15,Data!B8:B1925,'Data Prep'!$B$3,Data!C8:C1925,'Data Prep'!U9) -> 47390 | W9: 967171 | X9: =V9/W9*1000 -> 48.998574 | Y9: =AVERAGEIFS(Data!F8:F1925,Data!A8:A1925,'Data Prep'!$B$15,Data!B8:B1925,'Data Prep'!$B$3,Data!C8:C1925,'Data Prep'!U9) -> 103154 | Z9: =IF($Z$2=$Y$2,Y9,-X9) -> 103154
A10: Natural Resources | D10: Business Services | E10: =AVERAGEIFS(Data!F9:F1926,Data!A9:A1926,$B$15,Data!B9:B1926,D10) -> 74713.062 | F10: =IF($B$3=D10,E10,0) -> 0 | H10: Natural Resources | I10: =SUMIFS(Data!E9:E1926,Data!A9:A1926,$B$15,Data!B9:B1926,H10) -> 1219379 | U10: Florida | V10: =SUMIFS(Data!E9:E1926,Data!A9:A1926,'Data Prep'!$B$15,Data!B9:B1926,'Data Prep'!$B$3,Data!C9:C1926,'Data Prep'!U10) -> 586706 | W10: 21670000 | X10: =V10/W10*1000 -> 27.074573 | Y10: =AVERAGEIFS(Data!F9:F1926,Data!A9:A1926,'Data Prep'!$B$15,Data!B9:B1926,'Data Prep'!$B$3,Data!C9:C1926,'Data Prep'!U10) -> 84307 | Z10: =IF($Z$2=$Y$2,Y10,-X10) -> 84307
A11: Other Services | D11: Finance | E11: =AVERAGEIFS(Data!F10:F1927,Data!A10:A1927,$B$15,Data!B10:B1927,D11) -> 90040.667 | F11: =IF($B$3=D11,E11,0) -> 90040.667 | H11: Other Services | I11: =SUMIFS(Data!E10:E1927,Data!A10:A1927,$B$15,Data!B10:B1927,H11) -> 3843699 | U11: Georgia | V11: =SUMIFS(Data!E10:E1927,Data!A10:A1927,'Data Prep'!$B$15,Data!B10:B1927,'Data Prep'!$B$3,Data!C10:C1927,'Data Prep'!U11) -> 242175 | W11: 10519475 | X11: =V11/W11*1000 -> 23.021586 | Y11: =AVERAGEIFS(Data!F10:F1927,Data!A10:A1927,'Data Prep'!$B$15,Data!B10:B1927,'Data Prep'!$B$3,Data!C10:C1927,'Data Prep'!U11) -> 93145 | Z11: =IF($Z$2=$Y$2,Y11,-X11) -> 93145
A12: Trade & Transportation | D12: Information | E12: =AVERAGEIFS(Data!F11:F1928,Data!A11:A1928,$B$15,Data!B11:B1928,D12) -> 93586.333 | F12: =IF($B$3=D12,E12,0) -> 0 | H12: Trade & Transportation | I12: =SUMIFS(Data!E11:E1928,Data!A11:A1928,$B$15,Data!B11:B1928,H12) -> 26277342 | U12: Idaho | V12: =SUMIFS(Data!E11:E1928,Data!A11:A1928,'Data Prep'!$B$15,Data!B11:B1928,'Data Prep'!$B$3,Data!C11:C1928,'Data Prep'!U12) -> 34249 | W12: 1754208 | X12: =V12/W12*1000 -> 19.523911 | Y12: =AVERAGEIFS(Data!F11:F1928,Data!A11:A1928,'Data Prep'!$B$15,Data!B11:B1928,'Data Prep'!$B$3,Data!C11:C1928,'Data Prep'!U12) -> 68833 | Z12: =IF($Z$2=$Y$2,Y12,-X12) -> 68833
U13: Illinois | V13: =SUMIFS(Data!E12:E1929,Data!A12:A1929,'Data Prep'!$B$15,Data!B12:B1929,'Data Prep'!$B$3,Data!C12:C1929,'Data Prep'!U13) -> 376539 | W13: 12741080 | X13: =V13/W13*1000 -> 29.553146 | Y13: =AVERAGEIFS(Data!F12:F1929,Data!A12:A1929,'Data Prep'!$B$15,Data!B12:B1929,'Data Prep'!$B$3,Data!C12:C1929,'Data Prep'!U13) -> 121634 | Z13: =IF($Z$2=$Y$2,Y13,-X13) -> 121634
A14: Year FILTER | U14: Indiana | V14: =SUMIFS(Data!E13:E1930,Data!A13:A1930,'Data Prep'!$B$15,Data!B13:B1930,'Data Prep'!$B$3,Data!C13:C1930,'Data Prep'!U14) -> 133449 | W14: 6691878 | X14: =V14/W14*1000 -> 19.941936 | Y14: =AVERAGEIFS(Data!F13:F1930,Data!A13:A1930,'Data Prep'!$B$15,Data!B13:B1930,'Data Prep'!$B$3,Data!C13:C1930,'Data Prep'!U14) -> 72283 | Z14: =IF($Z$2=$Y$2,Y14,-X14) -> 72283
A15: Current Year | B15: 2020 | U15: Iowa | V15: =SUMIFS(Data!E14:E1931,Data!A14:A1931,'Data Prep'!$B$15,Data!B14:B1931,'Data Prep'!$B$3,Data!C14:C1931,'Data Prep'!U15) -> 109283 | W15: 3156145 | X15: =V15/W15*1000 -> 34.625469 | Y15: =AVERAGEIFS(Data!F14:F1931,Data!A14:A1931,'Data Prep'!$B$15,Data!B14:B1931,'Data Prep'!$B$3,Data!C14:C1931,'Data Prep'!U15) -> 81131 | Z15: =IF($Z$2=$Y$2,Y15,-X15) -> 81131
H16: Employees by Industry | U16: Kansas | V16: =SUMIFS(Data!E15:E1932,Data!A15:A1932,'Data Prep'!$B$15,Data!B15:B1932,'Data Prep'!$B$3,Data!C15:C1932,'Data Prep'!U16) -> 73310 | W16: 2911505 | X16: =V16/W16*1000 -> 25.179418 | Y16: =AVERAGEIFS(Data!F15:F1932,Data!A15:A1932,'Data Prep'!$B$15,Data!B15:B1932,'Data Prep'!$B$3,Data!C15:C1932,'Data Prep'!U16) -> 75889 | Z16: =IF($Z$2=$Y$2,Y16,-X16) -> 75889
A17: MAP SELECTION | H17: Industry | I17: Employee | U17: Kentucky | V17: =SUMIFS(Data!E16:E1933,Data!A16:A1933,'Data Prep'!$B$15,Data!B16:B1933,'Data Prep'!$B$3,Data!C16:C1933,'Data Prep'!U17) -> 92079 | W17: 4468402 | X17: =V17/W17*1000 -> 20.606696 | Y17: =AVERAGEIFS(Data!F16:F1933,Data!A16:A1933,'Data Prep'!$B$15,Data!B16:B1933,'Data Prep'!$B$3,Data!C16:C1933,'Data Prep'!U17) -> 75177 | Z17: =IF($Z$2=$Y$2,Y17,-X17) -> 75177
A18: Curren Selection | B18: =IF(Dashboard!A2=1,'Data Prep'!X2,'Data Prep'!Y2) -> Average by state | H18: =B3 -> Finance | I18: =VLOOKUP(H18,H2:I12,2,FALSE) -> 8142043 | U18: Louisiana | V18: =SUMIFS(Data!E17:E1934,Data!A17:A1934,'Data Prep'!$B$15,Data!B17:B1934,'Data Prep'!$B$3,Data!C17:C1934,'Data Prep'!U18) -> 81149 | W18: 4659978 | X18: =V18/W18*1000 -> 17.414031 | Y18: =AVERAGEIFS(Data!F17:F1934,Data!A17:A1934,'Data Prep'!$B$15,Data!B17:B1934,'Data Prep'!$B$3,Data!C17:C1934,'Data Prep'!U18) -> 69409 | Z18: =IF($Z$2=$Y$2,Y18,-X18) -> 69409
H19: Others | I19: =SUM(I3:I12)-I18 -> 107963802 | U19: Maine | V19: =SUMIFS(Data!E18:E1935,Data!A18:A1935,'Data Prep'!$B$15,Data!B18:B1935,'Data Prep'!$B$3,Data!C18:C1935,'Data Prep'!U19) -> 30107 | W19: 1338404 | X19: =V19/W19*1000 -> 22.494703 | Y19: =AVERAGEIFS(Data!F18:F1935,Data!A18:A1935,'Data Prep'!$B$15,Data!B18:B1935,'Data Prep'!$B$3,Data!C18:C1935,'Data Prep'!U19) -> 75870 | Z19: =IF($Z$2=$Y$2,Y19,-X19) -> 75870
U20: Maryland | V20: =SUMIFS(Data!E19:E1936,Data!A19:A1936,'Data Prep'!$B$15,Data!B19:B1936,'Data Prep'!$B$3,Data!C19:C1936,'Data Prep'!U20) -> 129771 | W20: 6042718 | X20: =V20/W20*1000 -> 21.475601 | Y20: =AVERAGEIFS(Data!F19:F1936,Data!A19:A1936,'Data Prep'!$B$15,Data!B19:B1936,'Data Prep'!$B$3,Data!C19:C1936,'Data Prep'!U20) -> 110159 | Z20: =IF($Z$2=$Y$2,Y20,-X20) -> 110159
H21: Employees by Industry | U21: Massachusetts | V21: =SUMIFS(Data!E20:E1937,Data!A20:A1937,'Data Prep'!$B$15,Data!B20:B1937,'Data Prep'!$B$3,Data!C20:C1937,'Data Prep'!U21) -> 212062 | W21: 6902149 | X21: =V21/W21*1000 -> 30.724054 | Y21: =AVERAGEIFS(Data!F20:F1937,Data!A20:A1937,'Data Prep'!$B$15,Data!B20:B1937,'Data Prep'!$B$3,Data!C20:C1937,'Data Prep'!U21) -> 159120 | Z21: =IF($Z$2=$Y$2,Y21,-X21) -> 159120
H22: Industry | I22: Employee | U22: Michigan | V22: =SUMIFS(Data!E21:E1938,Data!A21:A1938,'Data Prep'!$B$15,Data!B21:B1938,'Data Prep'!$B$3,Data!C21:C1938,'Data Prep'!U22) -> 207448 | W22: 9995915 | X22: =V22/W22*1000 -> 20.753278 | Y22: =AVERAGEIFS(Data!F21:F1938,Data!A21:A1938,'Data Prep'!$B$15,Data!B21:B1938,'Data Prep'!$B$3,Data!C21:C1938,'Data Prep'!U22) -> 81720 | Z22: =IF($Z$2=$Y$2,Y22,-X22) -> 81720
H23: =H18 -> Finance | I23: =I18/SUM(I3:I12) -> 0.070126039 | U23: Minnesota | V23: =SUMIFS(Data!E22:E1939,Data!A22:A1939,'Data Prep'!$B$15,Data!B22:B1939,'Data Prep'!$B$3,Data!C22:C1939,'Data Prep'!U23) -> 179728 | W23: 5611179 | X23: =V23/W23*1000 -> 32.030345 | Y23: =AVERAGEIFS(Data!F22:F1939,Data!A22:A1939,'Data Prep'!$B$15,Data!B22:B1939,'Data Prep'!$B$3,Data!C22:C1939,'Data Prep'!U23) -> 104989 | Z23: =IF($Z$2=$Y$2,Y23,-X23) -> 104989
U24: Mississippi | V24: =SUMIFS(Data!E23:E1940,Data!A23:A1940,'Data Prep'!$B$15,Data!B23:B1940,'Data Prep'!$B$3,Data!C23:C1940,'Data Prep'!U24) -> 41912 | W24: 2963914 | X24: =V24/W24*1000 -> 14.140761 | Y24: =AVERAGEIFS(Data!F23:F1940,Data!A23:A1940,'Data Prep'!$B$15,Data!B23:B1940,'Data Prep'!$B$3,Data!C23:C1940,'Data Prep'!U24) -> 59263 | Z24: =IF($Z$2=$Y$2,Y24,-X24) -> 59263
U25: Missouri | V25: =SUMIFS(Data!E24:E1941,Data!A24:A1941,'Data Prep'!$B$15,Data!B24:B1941,'Data Prep'!$B$3,Data!C24:C1941,'Data Prep'!U25) -> 165564 | W25: 6126452 | X25: =V25/W25*1000 -> 27.024451 | Y25: =AVERAGEIFS(Data!F24:F1941,Data!A24:A1941,'Data Prep'!$B$15,Data!B24:B1941,'Data Prep'!$B$3,Data!C24:C1941,'Data Prep'!U25) -> 82664 | Z25: =IF($Z$2=$Y$2,Y25,-X25) -> 82664
U26: Montana | V26: =SUMIFS(Data!E25:E1942,Data!A25:A1942,'Data Prep'!$B$15,Data!B25:B1942,'Data Prep'!$B$3,Data!C25:C1942,'Data Prep'!U26) -> 21986 | W26: 1062305 | X26: =V26/W26*1000 -> 20.696504 | Y26: =AVERAGEIFS(Data!F25:F1942,Data!A25:A1942,'Data Prep'!$B$15,Data!B25:B1942,'Data Prep'!$B$3,Data!C25:C1942,'Data Prep'!U26) -> 67330 | Z26: =IF($Z$2=$Y$2,Y26,-X26) -> 67330
U27: Nebraska | V27: =SUMIFS(Data!E26:E1943,Data!A26:A1943,'Data Prep'!$B$15,Data!B26:B1943,'Data Prep'!$B$3,Data!C26:C1943,'Data Prep'!U27) -> 66588 | W27: 1929268 | X27: =V27/W27*1000 -> 34.514645 | Y27: =AVERAGEIFS(Data!F26:F1943,Data!A26:A1943,'Data Prep'!$B$15,Data!B26:B1943,'Data Prep'!$B$3,Data!C26:C1943,'Data Prep'!U27) -> 74942 | Z27: =IF($Z$2=$Y$2,Y27,-X27) -> 74942
U28: Nevada | V28: =SUMIFS(Data!E27:E1944,Data!A27:A1944,'Data Prep'!$B$15,Data!B27:B1944,'Data Prep'!$B$3,Data!C27:C1944,'Data Prep'!U28) -> 62325 | W28: 3034392 | X28: =V28/W28*1000 -> 20.539535 | Y28: =AVERAGEIFS(Data!F27:F1944,Data!A27:A1944,'Data Prep'!$B$15,Data!B27:B1944,'Data Prep'!$B$3,Data!C27:C1944,'Data Prep'!U28) -> 79236 | Z28: =IF($Z$2=$Y$2,Y28,-X28) -> 79236
U29: New Hampshire | V29: =SUMIFS(Data!E28:E1945,Data!A28:A1945,'Data Prep'!$B$15,Data!B28:B1945,'Data Prep'!$B$3,Data!C28:C1945,'Data Prep'!U29) -> 33027 | W29: 1356458 | X29: =V29/W29*1000 -> 24.347971 | Y29: =AVERAGEIFS(Data!F28:F1945,Data!A28:A1945,'Data Prep'!$B$15,Data!B28:B1945,'Data Prep'!$B$3,Data!C28:C1945,'Data Prep'!U29) -> 109751 | Z29: =IF($Z$2=$Y$2,Y29,-X29) -> 109751
U30: New Jersey | V30: =SUMIFS(Data!E29:E1946,Data!A29:A1946,'Data Prep'!$B$15,Data!B29:B1946,'Data Prep'!$B$3,Data!C29:C1946,'Data Prep'!U30) -> 235676 | W30: 8908520 | X30: =V30/W30*1000 -> 26.455124 | Y30: =AVERAGEIFS(Data!F29:F1946,Data!A29:A1946,'Data Prep'!$B$15,Data!B29:B1946,'Data Prep'!$B$3,Data!C29:C1946,'Data Prep'!U30) -> 127870 | Z30: =IF($Z$2=$Y$2,Y30,-X30) -> 127870
U31: New Mexico | V31: =SUMIFS(Data!E30:E1947,Data!A30:A1947,'Data Prep'!$B$15,Data!B30:B1947,'Data Prep'!$B$3,Data!C30:C1947,'Data Prep'!U31) -> 32608 | W31: 2095428 | X31: =V31/W31*1000 -> 15.561499 | Y31: =AVERAGEIFS(Data!F30:F1947,Data!A30:A1947,'Data Prep'!$B$15,Data!B30:B1947,'Data Prep'!$B$3,Data!C30:C1947,'Data Prep'!U31) -> 62343 | Z31: =IF($Z$2=$Y$2,Y31,-X31) -> 62343
U32: New York | V32: =SUMIFS(Data!E31:E1948,Data!A31:A1948,'Data Prep'!$B$15,Data!B31:B1948,'Data Prep'!$B$3,Data!C31:C1948,'Data Prep'!U32) -> 700031 | W32: 19542209 | X32: =V32/W32*1000 -> 35.821488 | Y32: =AVERAGEIFS(Data!F31:F1948,Data!A31:A1948,'Data Prep'!$B$15,Data!B31:B1948,'Data Prep'!$B$3,Data!C31:C1948,'Data Prep'!U32) -> 207014 | Z32: =IF($Z$2=$Y$2,Y32,-X32) -> 207014
U33: North Carolina | V33: =SUMIFS(Data!E32:E1949,Data!A32:A1949,'Data Prep'!$B$15,Data!B32:B1949,'Data Prep'!$B$3,Data!C32:C1949,'Data Prep'!U33) -> 251672 | W33: 10383620 | X33: =V33/W33*1000 -> 24.237405 | Y33: =AVERAGEIFS(Data!F32:F1949,Data!A32:A1949,'Data Prep'!$B$15,Data!B32:B1949,'Data Prep'!$B$3,Data!C32:C1949,'Data Prep'!U33) -> 97234 | Z33: =IF($Z$2=$Y$2,Y33,-X33) -> 97234
U34: North Dakota | V34: =SUMIFS(Data!E33:E1950,Data!A33:A1950,'Data Prep'!$B$15,Data!B33:B1950,'Data Prep'!$B$3,Data!C33:C1950,'Data Prep'!U34) -> 22496 | W34: 760077 | X34: =V34/W34*1000 -> 29.597001 | Y34: =AVERAGEIFS(Data!F33:F1950,Data!A33:A1950,'Data Prep'!$B$15,Data!B33:B1950,'Data Prep'!$B$3,Data!C33:C1950,'Data Prep'!U34) -> 69243 | Z34: =IF($Z$2=$Y$2,Y34,-X34) -> 69243
U35: Ohio | V35: =SUMIFS(Data!E34:E1951,Data!A34:A1951,'Data Prep'!$B$15,Data!B34:B1951,'Data Prep'!$B$3,Data!C34:C1951,'Data Prep'!U35) -> 287990 | W35: 11689442 | X35: =V35/W35*1000 -> 24.636762 | Y35: =AVERAGEIFS(Data!F34:F1951,Data!A34:A1951,'Data Prep'!$B$15,Data!B34:B1951,'Data Prep'!$B$3,Data!C34:C1951,'Data Prep'!U35) -> 82336 | Z35: =IF($Z$2=$Y$2,Y35,-X35) -> 82336
... U50: Wyoming | V50: =SUMIFS(Data!E49:E1966,Data!A49:A1966,'Data Prep'!$B$15,Data!B49:B1966,'Data Prep'!$B$3,Data!C49:C1966,'Data Prep'!U50) -> 10919 | W50: 577737 | X50: =V50/W50*1000 -> 18.899603 | Y50: =AVERAGEIFS(Data!F49:F1966,Data!A49:A1966,'Data Prep'!$B$15,Data!B49:B1966,'Data Prep'!$B$3,Data!C49:C1966,'Data Prep'!U50) -> 64480 | Z50: =IF($Z$2=$Y$2,Y50,-X50) -> 64480

Sheet Dashboard
A1: 9
A2: 2
A6: {=INDEX('Data Prep'!D3:D12,Dashboard!A1)} -> Finance
